word,tfidf
คำ,0.42008402520840293
เป,0.42008402520840293
อง,0.28005601680560194
ของ,0.28005601680560194
ของจร,0.28005601680560194
เร,0.28005601680560194
การ,0.28005601680560194
yahari,0.14002800840280097
ใน,0.14002800840280097
แทน,0.14002800840280097
แท,0.14002800840280097
เม,0.14002800840280097
ดเผย,0.14002800840280097
สอง,0.14002800840280097
จร,0.14002800840280097
งแรก,0.14002800840280097
คำนาม,0.14002800840280097
ความร,0.14002800840280097
คร,0.14002800840280097
ได,0.14002800840280097
